52,150,3,18:23
50,150,3,19:12
45,150,3,20:14
41,150,3,21:12
7,150,3,22:13
0,150,3,23:14
0,150,4,1:18
0,150,4,2:51
0,150,4,3:24
0,150,4,4:18
0,150,4,5:13
0,150,4,6:18
0,150,4,7:13
7,150,4,8:18
9,150,4,9:14
10,150,4,10:15
8,150,4,11:12
9,150,4,12:29
18,150,4,13:26
23,150,4,14:13
18,150,4,15:15
19,150,4,16:19
22,150,4,17:13
37,150,4,18:18
61,150,4,19:11
53,150,4,20:14
34,150,4,21:12
13,150,4,22:13
0,150,4,23:15
0,150,5,1:13
0,150,5,2:59
0,150,5,3:38
0,150,5,4:17
0,150,5,5:13
0,150,5,6:18
2,150,5,7:13
9,150,5,8:18
10,150,5,9:14
15,150,5,10:15
20,150,5,11:12
25,150,5,12:29
30,150,5,13:23
34,150,5,14:13
28,150,5,15:14
44,150,5,16:19
41,150,5,17:12
24,150,5,18:18
26,150,5,19:11
28,150,5,20:15
36,150,5,21:12
22,150,5,22:13
1,150,5,23:14
0,150,6,1:9
0,150,6,2:48
0,150,6,3:21
0,150,6,4:17
0,150,6,5:12
0,150,6,6:17
0,150,6,7:12
0,150,6,8:17
2,150,6,9:13
11,150,6,10:14
33,150,6,11:11
50,150,6,12:25
44,150,6,13:20
42,150,6,14:12
45,150,6,15:13
42,150,6,16:18
38,150,6,17:12
44,150,6,18:16
36,150,6,19:11
18,150,6,20:14
7,150,6,21:12
2,150,6,22:13
0,150,6,23:13
0,150,0,1:18
0,150,0,3:3
0,150,0,4:17
0,150,0,5:12
0,150,0,6:17
0,150,0,7:12
0,150,0,8:17
4,150,0,9:13
22,150,0,10:14
46,150,0,11:11
67,150,0,12:25
58,150,0,13:20
40,150,0,14:12
43,150,0,15:13
68,150,0,16:18
61,150,0,17:12
39,150,0,18:16
41,150,0,19:11
25,150,0,20:14
8,150,0,21:12
0,150,0,22:13
0,150,0,23:15
0,150,1,1:12
0,150,1,2:54
0,150,1,3:27
0,150,1,4:18
0,150,1,5:13
0,150,1,6:19
4,150,1,7:13
8,150,1,8:19
14,150,1,9:14
15,150,1,10:16
10,150,1,11:12
19,150,1,13:25
12,150,1,14:13
9,150,1,15:13
22,150,1,16:17
28,150,1,17:13
49,150,1,18:18
84,150,1,19:11
81,150,1,20:15
48,150,1,21:13
20,150,1,22:14
2,150,1,23:15
0,150,2,1:13
0,150,2,2:51
0,150,2,3:24
0,150,2,4:18
0,150,2,5:13
0,150,2,6:18
2,150,2,7:13
11,150,2,8:19
13,150,2,9:14
12,150,2,10:15
12,150,2,11:12
10,150,2,12:29
13,150,2,13:25
14,150,2,14:13
13,150,2,15:15
12,150,2,16:20
36,150,2,17:11
56,150,2,18:17
68,150,2,19:12
66,150,2,20:15
40,150,2,21:13
23,150,2,22:13
2,150,2,23:15
0,150,3,1:14
0,150,3,2:48
0,150,3,3:22
0,150,3,4:18
0,150,3,5:13
1,150,3,6:18
2,150,3,7:13
9,150,3,8:19
15,150,3,9:14
11,150,3,10:15
8,150,3,11:12
19,150,3,12:29
16,150,3,13:28
25,150,3,14:13
51,150,3,15:15
41,150,3,16:20
25,150,3,17:13
55,150,3,18:18
63,150,3,19:12
44,150,3,20:15
28,150,3,21:13
9,150,3,22:14
0,150,3,23:15
0,150,4,1:22
0,150,4,3:7
0,150,4,4:18
0,150,4,5:14
0,150,4,6:19
3,150,4,7:13
8,150,4,8:19
13,150,4,9:14
12,150,4,10:16
10,150,4,11:12
8,150,4,12:29
7,150,4,13:32
7,150,4,14:13
6,150,4,15:15
14,150,4,16:20
23,150,4,17:13
46,150,4,18:18
85,150,4,19:12
66,150,4,20:13
28,150,4,21:11
22,150,4,22:13
7,150,4,23:14
0,150,5,1:8
0,150,5,2:45
0,150,5,3:18
0,150,5,4:16
0,150,5,5:12
0,150,5,6:17
2,150,5,7:12
11,150,5,8:17
16,150,5,9:13
13,150,5,10:15
19,150,5,11:9
21,150,5,12:26
21,150,5,13:20
20,150,5,14:12
23,150,5,15:12
45,150,5,16:18
41,150,5,17:12
37,150,5,18:16
41,150,5,19:10
26,150,5,20:14
22,150,5,21:12
16,150,5,22:13
3,150,5,23:13
0,150,6,1:5
0,150,6,2:34
0,150,6,3:14
0,150,6,4:16
0,150,6,5:12
0,150,6,6:16
0,150,6,7:11
0,150,6,8:16
1,150,6,9:12
22,150,6,10:13
42,150,6,11:10
36,150,6,12:24
34,150,6,13:17
38,150,6,14:11
41,150,6,15:12
44,150,6,16:17
40,150,6,17:11
33,150,6,18:16
27,150,6,19:10
16,150,6,20:13
3,150,6,21:12
0,150,6,22:12
0,150,6,23:13
0,150,0,1:9
0,150,0,2:41
0,150,0,3:15
0,150,0,4:16
0,150,0,5:12
0,150,0,6:16
0,150,0,7:11
0,150,0,8:16
6,150,0,9:12
23,150,0,10:13
39,150,0,11:10
44,150,0,12:25
30,150,0,13:18
23,150,0,14:11
44,150,0,15:12
54,150,0,16:17
45,150,0,17:12
38,150,0,18:15
42,150,0,19:10
27,150,0,20:13
5,150,0,21:11
0,150,0,22:12
0,150,0,23:13
0,150,1,1:7
0,150,1,2:39
0,150,1,3:14
0,150,1,4:17
0,150,1,5:13
0,150,1,6:17
2,150,1,7:13
3,150,1,8:18
8,150,1,9:14
15,150,1,10:15
18,150,1,11:11
16,150,1,12:27
12,150,1,13:21
13,150,1,14:12
17,150,1,15:14
21,150,1,16:19
44,150,1,18:18
72,150,1,19:11
55,150,1,20:14
32,150,1,21:12
14,150,1,22:13
1,150,1,23:14
0,150,2,1:8
0,150,2,2:40
0,150,2,3:15
0,150,2,4:16
0,150,2,5:12
2,150,2,6:17
4,150,2,7:12
7,150,2,8:18
9,150,2,9:13
13,150,2,10:14
15,150,2,11:11
6,150,2,12:28
19,150,2,13:23
21,150,2,14:12
17,150,2,15:14
17,150,2,16:19
26,150,2,17:12
45,150,2,18:17
63,150,2,19:11
64,150,2,20:13
45,150,2,21:12
23,150,2,22:13
1,150,2,23:14
0,150,3,1:10
0,150,3,2:47
0,150,3,3:19
0,150,3,4:16
0,150,3,5:12
1,150,3,6:17
5,150,3,7:12
8,150,3,8:17
8,150,3,9:13
14,150,3,10:14
18,150,3,11:11
12,150,3,12:26
7,150,3,13:21
6,150,3,14:12
10,150,3,15:14
27,150,3,16:19
31,150,3,17:12
30,150,3,18:17
42,150,3,19:11
43,150,3,20:14
36,150,3,21:12
16,150,3,22:13
1,150,3,23:13
0,150,4,1:8
0,150,4,2:42
0,150,4,3:16
0,150,4,4:17
0,150,4,5:13
0,150,4,6:18
2,150,4,7:12
3,150,4,8:18
3,150,4,9:13
4,150,4,10:16
3,150,4,11:11
7,150,4,12:27
9,150,4,13:21
14,150,4,14:12
23,150,4,15:13
23,150,4,16:19
21,150,4,17:12
38,150,4,18:16
43,150,4,19:11
26,150,4,20:13
19,150,4,21:12
13,150,4,22:13
4,150,4,23:15
0,150,5,1:9
0,150,5,2:43
0,150,5,3:16
0,150,5,4:17
0,150,5,5:12
0,150,5,6:17
3,150,5,7:12
10,150,5,8:17
13,150,5,9:13
12,150,5,10:14
14,150,5,11:11
16,150,5,12:25
14,150,5,13:20
13,150,5,14:12
11,150,5,15:13
23,150,5,16:19
38,150,5,17:12
39,150,5,18:16
29,150,5,19:11
21,150,5,20:14
20,150,5,21:12
12,150,5,22:13
0,150,5,23:14
0,150,6,1:5
0,150,6,2:37
0,150,6,3:14
0,150,6,4:16
0,150,6,5:12
0,150,6,6:17
0,150,6,7:11
0,150,6,8:17
0,150,6,9:12
11,150,6,10:13
34,150,6,11:11
50,150,6,12:24
34,150,6,13:18
21,150,6,14:11
22,150,6,15:13
30,150,6,16:18
30,150,6,17:11
33,150,6,18:16
26,150,6,19:10
7,150,6,20:13
5,150,6,21:11
4,150,6,22:12
0,150,6,23:13
0,150,0,1:15
0,150,0,2:47
0,150,0,3:19
0,150,0,4:17
0,150,0,5:12
0,150,0,6:16
0,150,0,7:11
0,150,0,8:16
1,150,0,9:12
13,150,0,10:13
41,150,0,11:10
46,150,0,12:25
30,150,0,13:18
27,150,0,14:11
30,150,0,15:12
44,150,0,16:17
48,150,0,17:11
37,150,0,18:16
38,150,0,19:10
33,150,0,20:13
13,150,0,21:11
0,150,0,22:12
0,150,0,23:13
0,150,1,1:10
0,150,1,2:46
0,150,1,3:19
0,150,1,4:17
0,150,1,5:12
0,150,1,6:18
1,150,1,7:13
6,150,1,8:18
8,150,1,9:14
10,150,1,10:15
13,150,1,11:11
14,150,1,12:27
12,150,1,13:22
7,150,1,14:13
11,150,1,15:14
19,150,1,16:20
11,150,1,17:12
31,150,1,18:17
58,150,1,19:14
51,150,1,20:13
35,150,1,21:12
15,150,1,22:13
3,150,1,23:14
0,150,2,1:13
0,150,2,2:49
0,150,2,3:21
0,150,2,4:17
0,150,2,5:12
2,150,2,6:18
3,150,2,7:12
6,150,2,8:18
10,150,2,9:14
9,150,2,10:15
11,150,2,11:11
15,150,2,12:27
11,150,2,13:21
14,150,2,14:13
20,150,2,15:17
19,150,2,16:19
26,150,2,17:12
40,150,2,18:17
50,150,2,19:11
36,150,2,20:14
13,150,2,21:12
4,150,2,22:13
1,150,2,23:14
0,150,3,1:9
0,150,3,2:46
0,150,3,3:18
0,150,3,4:17
0,150,3,5:12
1,150,3,6:17
6,150,3,7:13
10,150,3,8:18
7,150,3,9:13
7,150,3,10:14
7,150,3,11:11
45,150,3,12:27
47,150,3,13:21
17,150,3,14:12
51,150,3,15:14
59,150,3,16:19
23,150,3,17:12
33,150,3,18:17
37,150,3,19:11
34,150,3,20:14
30,150,3,21:12
15,150,3,22:12
0,150,3,23:14
0,150,4,1:10
0,150,4,2:45
0,150,4,3:18
0,150,4,4:17
0,150,4,5:12
0,150,4,6:17
1,150,4,7:12
3,150,4,8:18
6,150,4,9:13
7,150,4,10:15
4,150,4,11:11
6,150,4,12:27
13,150,4,13:22
9,150,4,14:13
15,150,4,15:14
25,150,4,16:19
21,150,4,17:12
30,150,4,18:15
42,150,4,19:10
37,150,4,20:13
27,150,4,21:11
13,150,4,22:12
1,150,4,23:14
0,150,5,1:5
0,150,5,2:31
0,150,5,3:14
0,150,5,4:16
0,150,5,5:12
0,150,5,6:16
4,150,5,7:11
9,150,5,8:16
7,150,5,9:12
14,150,5,10:14
17,150,5,11:10
16,150,5,12:23
16,150,5,13:17
19,150,5,14:11
32,150,5,15:15
31,150,5,16:17
19,150,5,17:12
16,150,5,18:15
16,150,5,19:10
22,150,5,20:13
19,150,5,21:11
4,150,5,22:12
0,150,5,23:13
0,150,6,1:3
0,150,6,2:29
0,150,6,3:13
0,150,6,4:15
0,150,6,5:11
0,150,6,6:15
0,150,6,7:11
0,150,6,8:15
0,150,6,9:11
6,150,6,10:12
31,150,6,11:9
56,150,6,12:22
47,150,6,13:15
35,150,6,14:10
31,150,6,15:11
29,150,6,16:16
28,150,6,17:10
25,150,6,18:14
18,150,6,19:9
19,150,6,20:12
11,150,6,21:10
0,150,6,22:11
0,150,6,23:12
0,150,0,1:6
0,150,0,2:32
0,150,0,3:14
0,150,0,4:15
0,150,0,5:11
0,150,0,6:15
0,150,0,7:11
0,150,0,8:15
1,150,0,9:11
13,150,0,10:12
32,150,0,11:10
38,150,0,12:23
30,150,0,13:15
29,150,0,14:10
27,150,0,15:12
14,150,0,16:17
10,150,0,17:10
23,150,0,18:14
23,150,0,19:9
17,150,0,20:12
9,150,0,21:10
1,150,0,22:11
0,150,0,23:12
0,150,1,1:3
0,150,1,2:31
0,150,1,3:14
0,150,1,4:16
0,150,1,5:12
1,150,1,6:17
3,150,1,7:12
4,150,1,8:17
6,150,1,9:14
6,150,1,10:16
15,150,1,11:11
30,150,1,12:25
26,150,1,13:19
12,150,1,14:12
24,150,1,15:16
26,150,1,16:20
20,150,1,17:11
27,150,1,18:16
35,150,1,19:10
32,150,1,20:15
24,150,1,21:12
13,150,1,22:12
0,150,1,23:13
0,150,2,1:7
0,150,2,2:35
0,150,2,3:14
0,150,2,4:16
0,150,2,5:12
0,150,2,6:18
6,150,2,7:12
9,150,2,8:17
5,150,2,9:13
3,150,2,10:15
14,150,2,11:11
23,150,2,12:25
18,150,2,13:18
16,150,2,14:13
18,150,2,15:15
30,150,2,16:19
31,150,2,17:12
21,150,2,18:16
31,150,2,19:10
28,150,2,20:14
16,150,2,21:11
10,150,2,22:12
2,150,2,23:13
0,150,3,1:2
0,150,3,2:32
0,150,3,3:14
0,150,3,4:16
0,150,3,5:12
1,150,3,6:16
4,150,3,7:12
3,150,3,8:17
0,150,3,9:13
2,150,3,10:14
11,150,3,11:11
25,150,3,12:25
10,150,3,13:19
7,150,3,14:12
21,150,3,15:14
23,150,3,16:19
17,150,3,17:12
18,150,3,18:16
42,150,3,19:10
46,150,3,20:13
20,150,3,21:11
8,150,3,22:12
3,150,3,23:13
0,150,4,1:6
0,150,4,2:34
0,150,4,3:14
0,150,4,4:16
0,150,4,5:12
0,150,4,6:17
1,150,4,7:12
3,150,4,8:16
7,150,4,9:12
9,150,4,10:14
14,150,4,11:11
19,150,4,12:25
11,150,4,13:19
14,150,4,14:12
24,150,4,15:14
26,150,4,16:18
21,150,4,17:12
23,150,4,18:16
35,150,4,19:10
31,150,4,20:13
11,150,4,21:11
3,150,4,22:12
0,150,4,23:15
0,150,5,1:4
0,150,5,2:35
0,150,5,3:14
0,150,5,4:15
0,150,5,5:12
0,150,5,6:17
1,150,5,7:12
4,150,5,8:16
7,150,5,9:12
12,150,5,10:14
16,150,5,11:11
24,150,5,12:24
25,150,5,13:18
32,150,5,14:11
40,150,5,15:13
38,150,5,16:17
35,150,5,17:12
24,150,5,18:16
21,150,5,19:10
10,150,5,20:13
10,150,5,21:11
8,150,5,22:12
0,150,5,23:13
0,150,6,1:0
0,150,6,2:8
0,150,6,3:13
0,150,6,4:15
0,150,6,5:11
0,150,6,6:15
0,150,6,7:11
0,150,6,8:16
3,150,6,9:11
8,150,6,10:12
11,150,6,11:10
35,150,6,12:22
40,150,6,13:15
23,150,6,14:10
16,150,6,15:12
23,150,6,16:17
12,150,6,17:11
0,150,6,18:14
0,150,6,19:9
0,150,6,20:12
0,150,6,21:10
0,150,6,22:11
0,150,6,23:12
0,150,0,1:8
0,150,0,2:36
0,150,0,3:13
0,150,0,4:15
0,150,0,5:11
0,150,0,6:15
0,150,0,7:11
0,150,0,8:16
1,150,0,9:12
9,150,0,10:13
27,150,0,11:10
28,150,0,12:23
18,150,0,13:15
8,150,0,14:11
17,150,0,15:12
25,150,0,16:17
16,150,0,17:11
1,150,0,18:14
0,150,0,19:10
0,150,0,20:13
0,150,0,21:11
0,150,0,22:12
0,150,0,23:13
0,150,1,1:6
0,150,1,2:35
0,150,1,3:14
0,150,1,4:16
0,150,1,5:12
0,150,1,6:17
0,150,1,7:12
0,150,1,8:17
0,150,1,9:12
6,150,1,10:13
9,150,1,11:10
20,150,1,12:24
22,150,1,13:17
23,150,1,14:11
23,150,1,15:13
20,150,1,16:17
12,150,1,17:11
1,150,1,18:15
0,150,1,19:10
0,150,1,20:13
0,150,1,21:11
0,150,1,22:12
0,150,1,23:13
0,150,2,1:5
0,150,2,2:32
0,150,2,3:14
0,150,2,4:16
0,150,2,5:12
0,150,2,6:17
0,150,2,7:12
0,150,2,8:16
0,150,2,9:12
4,150,2,10:13
16,150,2,11:10
20,150,2,12:24
21,150,2,13:17
26,150,2,14:11
34,150,2,15:13
47,150,2,16:18
50,150,2,17:11
23,150,2,18:15
11,150,2,19:10
15,150,2,20:13
11,150,2,21:11
3,150,2,22:12
1,150,2,23:13
0,150,3,1:4
0,150,3,2:33
0,150,3,3:14
0,150,3,4:15
0,150,3,5:12
0,150,3,6:17
0,150,3,7:11
0,150,3,8:16
2,150,3,9:12
15,150,3,10:14
27,150,3,11:11
31,150,3,12:24
25,150,3,13:17
20,150,3,14:11
25,150,3,15:13
30,150,3,16:17
35,150,3,17:11
31,150,3,18:16
23,150,3,19:10
27,150,3,20:13
18,150,3,21:11
3,150,3,22:12
1,150,3,23:13
0,150,4,1:7
0,150,4,2:35
0,150,4,3:14
0,150,4,4:16
0,150,4,5:12
0,150,4,6:16
0,150,4,7:11
0,150,4,8:16
0,150,4,9:12
5,150,4,10:13
15,150,4,11:11
28,150,4,12:24
26,150,4,13:17
20,150,4,14:11
18,150,4,15:13
20,150,4,16:17
22,150,4,17:11
17,150,4,18:16
15,150,4,19:10
13,150,4,20:13
10,150,4,21:11
4,150,4,22:12
0,150,4,23:14
0,150,5,1:6
0,150,5,2:35
0,150,5,3:14
0,150,5,4:15
0,150,5,5:12
0,150,5,6:17
0,150,5,7:11
0,150,5,8:16
1,150,5,9:12
12,150,5,10:13
48,150,5,11:10
59,150,5,12:23
31,150,5,13:17
23,150,5,14:11
43,150,5,15:13
61,150,5,16:16
46,150,5,17:11
24,150,5,18:15
32,150,5,19:10
23,150,5,20:13
6,150,5,21:11
2,150,5,22:12
0,150,5,23:12
0,150,6,1:4
0,150,6,2:31
0,150,6,3:13
0,150,6,4:15
0,150,6,5:11
0,150,6,6:16
0,150,6,7:11
0,150,6,8:16
0,150,6,9:12
13,150,6,10:12
39,150,6,11:10
74,150,6,12:22
66,150,6,13:15
34,150,6,14:12
37,150,6,15:12
39,150,6,16:16
18,150,6,17:10
0,150,6,18:15
0,150,6,19:9
0,150,6,20:12
0,150,6,21:11
0,150,6,22:11
0,150,6,23:12
0,150,0,1:16
0,150,0,2:49
0,150,0,3:18
0,150,0,4:15
0,150,0,5:11
0,150,0,6:15
0,150,0,7:11
0,150,0,8:16
0,150,0,9:12
0,150,0,10:13
4,150,0,11:10
18,150,0,12:24
18,150,0,13:16
31,150,0,14:11
49,150,0,15:12
34,150,0,16:17
19,150,0,17:10
6,150,0,18:15
1,150,0,19:10
0,150,0,20:13
0,150,0,21:11
0,150,0,22:11
0,150,0,23:13
0,150,1,1:6
0,150,1,2:35
0,150,1,3:14
0,150,1,4:16
0,150,1,5:12
0,150,1,6:17
0,150,1,7:12
0,150,1,8:17
3,150,1,9:13
19,150,1,10:14
33,150,1,11:11
34,150,1,12:25
34,150,1,13:19
29,150,1,14:12
38,150,1,15:13
46,150,1,16:17
46,150,1,17:11
46,150,1,18:16
32,150,1,19:10
19,150,1,20:13
9,150,1,21:11
0,150,1,22:12
0,150,1,23:13
0,150,2,1:5
0,150,2,2:33
0,150,2,3:14
0,150,2,4:15
0,150,2,5:12
0,150,2,6:15
2,150,2,7:12
4,150,2,8:17
7,150,2,9:13
15,150,2,10:14
23,150,2,11:10
20,150,2,12:27
13,150,2,13:19
11,150,2,14:12
15,150,2,15:14
26,150,2,16:18
34,150,2,17:11
39,150,2,18:16
41,150,2,19:10
41,150,2,20:14
33,150,2,21:12
15,150,2,22:12
0,150,2,23:13
0,150,3,1:6
0,150,3,2:37
0,150,3,3:14
0,150,3,4:16
0,150,3,5:12
0,150,3,6:16
3,150,3,7:12
7,150,3,8:17
8,150,3,9:13
12,150,3,10:15
9,150,3,11:11
21,150,3,12:26
22,150,3,13:20
27,150,3,14:13
32,150,3,15:16
32,150,3,16:24
32,150,3,17:14
54,150,3,18:17
65,150,3,19:12
56,150,3,20:14
38,150,3,21:12
10,150,3,22:12
0,150,3,23:13
0,150,4,1:9
0,150,4,2:38
0,150,4,3:14
0,150,4,4:16
0,150,4,5:12
3,150,4,6:16
6,150,4,7:12
5,150,4,8:18
6,150,4,9:13
8,150,4,10:14
10,150,4,11:11
11,150,4,12:26
14,150,4,13:22
13,150,4,14:13
14,150,4,15:15
22,150,4,16:20
30,150,4,17:12
47,150,4,18:17
60,150,4,19:11
55,150,4,20:14
44,150,4,21:12
21,150,4,22:13
0,150,4,23:15
0,150,5,1:9
0,150,5,2:42
0,150,5,3:14
0,150,5,4:16
0,150,5,5:12
0,150,5,6:17
8,150,5,7:12
13,150,5,8:17
15,150,5,9:13
21,150,5,10:14
23,150,5,11:11
28,150,5,12:25
24,150,5,13:20
17,150,5,14:12
32,150,5,15:14
47,150,5,16:19
38,150,5,17:12
42,150,5,18:16
41,150,5,19:11
37,150,5,20:14
32,150,5,21:11
9,150,5,22:12
0,150,5,23:13
0,150,6,1:5
0,150,6,2:35
0,150,6,3:14
0,150,6,4:15
0,150,6,5:12
0,150,6,6:15
0,150,6,7:11
0,150,6,8:16
1,150,6,9:12
13,150,6,10:12
34,150,6,11:10
50,150,6,12:23
55,150,6,13:15
53,150,6,14:11
49,150,6,15:12
54,150,6,16:17
52,150,6,17:11
65,150,6,18:15
65,150,6,19:10
25,150,6,20:13
1,150,6,21:10
0,150,6,22:11
0,150,6,23:12
0,150,0,1:11
0,150,0,2:42
0,150,0,3:14
0,150,0,4:16
0,150,0,5:11
0,150,0,6:16
0,150,0,7:11
0,150,0,8:16
6,150,0,9:12
24,150,0,10:13
56,150,0,11:10
53,150,0,12:24
31,150,0,13:16
46,150,0,14:11
56,150,0,15:12
51,150,0,16:17
58,150,0,17:11
59,150,0,18:15
41,150,0,19:10
23,150,0,20:13
13,150,0,21:11
3,150,0,22:12
0,150,0,23:13
0,150,1,1:7
0,150,1,2:37
0,150,1,3:14
0,150,1,4:16
0,150,1,5:12
1,150,1,6:17
6,150,1,7:13
6,150,1,8:18
7,150,1,9:14
17,150,1,10:15
19,150,1,11:11
11,150,1,12:27
11,150,1,13:21
8,150,1,14:15
9,150,1,15:20
21,150,1,16:24
31,150,1,17:14
48,150,1,18:17
72,150,1,19:11
84,150,1,20:15
59,150,1,21:12
17,150,1,22:13
0,150,1,23:13
0,150,2,1:10
0,150,2,2:43
0,150,2,3:15
0,150,2,4:16
0,150,2,5:12
0,150,2,6:18
5,150,2,7:12
12,150,2,8:17
13,150,2,9:13
7,150,2,10:14
9,150,2,11:11
13,150,2,12:27
13,150,2,13:21
17,150,2,14:16
10,150,2,15:19
12,150,2,16:20
32,150,2,17:13
53,150,2,18:16
68,150,2,19:11
67,150,2,20:14
44,150,2,21:12
15,150,2,22:13
1,150,2,23:13
0,150,3,1:8
0,150,3,2:40
0,150,3,3:14
0,150,3,4:16
0,150,3,5:12
1,150,3,6:17
4,150,3,7:12
9,150,3,8:18
9,150,3,9:16
11,150,3,10:17
21,150,3,11:11
17,150,3,12:27
16,150,3,13:23
41,150,3,14:18
52,150,3,15:26
34,150,3,16:25
30,150,3,17:17
35,150,3,18:20
58,150,3,19:11
65,150,3,20:14
50,150,3,21:12
20,150,3,22:14
3,150,3,23:13
0,150,4,1:9
0,150,4,2:39
0,150,4,3:14
0,150,4,4:16
0,150,4,5:12
0,150,4,6:17
4,150,4,7:12
7,150,4,8:18
7,150,4,9:15
6,150,4,10:16
4,150,4,11:16
7,150,4,12:28
13,150,4,13:28
15,150,4,14:17
12,150,4,15:22
20,150,4,16:34
28,150,4,17:25
42,150,4,18:18
64,150,4,19:11
65,150,4,20:15
52,150,4,21:12
31,150,4,22:13
3,150,4,23:14
0,150,5,1:9
0,150,5,2:44
0,150,5,3:15
0,150,5,4:17
0,150,5,5:12
0,150,5,6:17
6,150,5,7:12
18,150,5,8:17
16,150,5,9:15
11,150,5,10:15
21,150,5,11:11
27,150,5,12:26
18,150,5,13:20
23,150,5,14:13
29,150,5,15:14
40,150,5,16:22
43,150,5,17:12
41,150,5,18:16
68,150,5,19:10
70,150,5,20:14
48,150,5,21:11
23,150,5,22:12
2,150,5,23:13
0,150,6,1:4
0,150,6,2:32
0,150,6,3:14
0,150,6,4:15
0,150,6,5:11
0,150,6,6:15
0,150,6,7:11
0,150,6,8:15
4,150,6,9:12
19,150,6,10:13
46,150,6,11:10
60,150,6,12:23
51,150,6,13:16
44,150,6,14:11
54,150,6,15:12
48,150,6,16:16
46,150,6,17:11
56,150,6,18:15
42,150,6,19:10
21,150,6,20:13
11,150,6,21:10
3,150,6,22:12
0,150,6,23:12
0,150,0,1:11
0,150,0,2:41
0,150,0,3:14
0,150,0,4:15
0,150,0,5:12
0,150,0,6:16
0,150,0,7:11
0,150,0,8:16
1,150,0,9:12
19,150,0,10:13
62,150,0,11:10
88,150,0,12:23
57,150,0,13:16
54,150,0,14:11
70,150,0,15:12
59,150,0,16:16
57,150,0,17:11
57,150,0,18:15
45,150,0,19:10
29,150,0,20:13
5,150,0,21:11
0,150,0,22:12
0,150,0,23:13
0,150,1,1:7
0,150,1,2:40
0,150,1,3:14
0,150,1,4:17
0,150,1,5:12
1,150,1,6:17
3,150,1,7:12
4,150,1,8:17
7,150,1,9:14
14,150,1,10:15
15,150,1,11:11
9,150,1,12:27
9,150,1,13:21
15,150,1,14:12
15,150,1,15:14
14,150,1,16:18
24,150,1,17:12
40,150,1,18:16
78,150,1,19:10
120,150,1,20:13
87,150,1,21:11
29,150,1,22:12
2,150,1,23:13
0,150,2,1:7
0,150,2,2:38
0,150,2,3:14
0,150,2,4:16
0,150,2,5:12
0,150,2,6:16
6,150,2,7:12
11,150,2,8:18
7,150,2,9:13
10,150,2,10:14
11,150,2,11:11
7,150,2,12:28
12,150,2,13:20
15,150,2,14:12
15,150,2,15:13
20,150,2,16:18
36,150,2,17:12
77,150,2,18:16
86,150,2,19:10
66,150,2,20:13
40,150,2,21:12
18,150,2,22:13
3,150,2,23:13
0,150,3,1:12
0,150,3,2:42
0,150,3,3:15
0,150,3,4:16
0,150,3,5:12
0,150,3,6:17
3,150,3,7:12
7,150,3,8:17
6,150,3,9:13
10,150,3,10:15
12,150,3,11:11
11,150,3,12:26
12,150,3,13:20
28,150,3,14:12
49,150,3,15:14
34,150,3,16:18
39,150,3,17:12
50,150,3,18:16
65,150,3,19:10
71,150,3,20:13
54,150,3,21:12
25,150,3,22:13
2,150,3,23:13
0,150,4,1:10
0,150,4,2:44
0,150,4,3:16
0,150,4,4:17
0,150,4,5:13
0,150,4,6:17
6,150,4,7:12
10,150,4,8:18
7,150,4,9:13
13,150,4,10:15
16,150,4,11:11
11,150,4,12:27
10,150,4,13:22
12,150,4,14:13
13,150,4,15:15
21,150,4,16:19
28,150,4,17:13
47,150,4,18:18
72,150,4,19:11
61,150,4,20:14
32,150,4,21:12
13,150,4,22:13
4,150,4,23:14
0,150,5,1:9
0,150,5,2:44
0,150,5,3:16
0,150,5,4:16
0,150,5,5:12
0,150,5,6:17
8,150,5,7:12
22,150,5,8:17
16,150,5,9:13
25,150,5,10:15
32,150,5,11:11
19,150,5,12:27
22,150,5,13:20
24,150,5,14:12
20,150,5,15:14
52,150,5,16:19
57,150,5,17:12
27,150,5,18:16
26,150,5,19:10
37,150,5,20:14
32,150,5,21:11
15,150,5,22:12
3,150,5,23:13
0,150,6,1:8
0,150,6,2:36
0,150,6,3:14
0,150,6,4:15
0,150,6,5:11
0,150,6,6:16
0,150,6,7:11
0,150,6,8:16
4,150,6,9:12
53,150,6,10:13
83,150,6,11:10
49,150,6,12:23
34,150,6,13:16
30,150,6,14:11
37,150,6,15:12
35,150,6,16:17
33,150,6,17:11
43,150,6,18:15
48,150,6,19:10
32,150,6,20:13
11,150,6,21:11
0,150,6,22:12
0,150,6,23:12
0,150,0,1:11
0,150,0,2:42
0,150,0,3:14
0,150,0,4:16
0,150,0,5:12
0,150,0,6:17
0,150,0,7:11
0,150,0,8:16
1,150,0,9:12
22,150,0,10:13
43,150,0,11:10
50,150,0,12:23
32,150,0,13:16
28,150,0,14:11
38,150,0,15:12
27,150,0,16:17
26,150,0,17:11
41,150,0,18:15
39,150,0,19:10
22,150,0,20:13
11,150,0,21:11
0,150,0,22:12
0,150,0,23:12
0,150,1,1:6
0,150,1,2:38
0,150,1,3:14
0,150,1,4:16
0,150,1,5:12
0,150,1,6:17
4,150,1,7:12
6,150,1,8:17
3,150,1,9:13
10,150,1,10:14
13,150,1,11:11
18,150,1,12:25
12,150,1,13:21
7,150,1,14:13
10,150,1,15:14
14,150,1,16:18
25,150,1,17:13
48,150,1,18:15
66,150,1,19:11
71,150,1,20:14
62,150,1,21:11
33,150,1,22:12
3,150,1,23:13
0,150,2,1:10
0,150,2,2:36
0,150,2,3:14
0,150,2,4:16
0,150,2,5:11
1,150,2,6:16
10,150,2,7:12
11,150,2,8:17
6,150,2,9:12
5,150,2,10:14
6,150,2,11:11
12,150,2,12:27
14,150,2,13:19
12,150,2,14:12
8,150,2,15:13
11,150,2,16:18
25,150,2,17:12
67,150,2,18:16
110,150,2,19:10
92,150,2,20:13
40,150,2,21:11
19,150,2,22:12
5,150,2,23:13
0,150,3,1:6
0,150,3,2:37
0,150,3,3:14
0,150,3,4:16
0,150,3,5:12
0,150,3,6:17
1,150,3,7:13
8,150,3,8:18
12,150,3,9:13
13,150,3,10:14
12,150,3,11:11
12,150,3,12:28
11,150,3,13:19
31,150,3,14:12
62,150,3,15:14
52,150,3,16:18
33,150,3,17:12
47,150,3,18:15
77,150,3,19:11
72,150,3,20:13
54,150,3,21:10
21,150,3,22:13
1,150,3,23:13
0,150,4,1:8
0,150,4,2:38
0,150,4,3:14
0,150,4,4:16
0,150,4,5:12
0,150,4,6:17
7,150,4,7:13
8,150,4,8:17
4,150,4,9:13
5,150,4,10:14
5,150,4,11:11
3,150,4,12:27
8,150,4,13:28
15,150,4,14:12
13,150,4,15:13
16,150,4,16:17
28,150,4,17:12
55,150,4,18:16
102,150,4,19:10
90,150,4,20:13
49,150,4,21:11
26,150,4,22:12
1,150,4,23:14
0,150,5,1:10
0,150,5,2:41
0,150,5,3:14
0,150,5,4:16
0,150,5,5:12
1,150,5,6:17
8,150,5,7:12
17,150,5,8:17
14,150,5,9:13
18,150,5,10:14
20,150,5,11:11
19,150,5,12:25
26,150,5,13:19
18,150,5,14:12
18,150,5,15:14
32,150,5,16:17
35,150,5,17:12
33,150,5,18:16
60,150,5,19:10
60,150,5,20:13
38,150,5,21:11
19,150,5,22:12
1,150,5,23:12
0,150,6,1:8
0,150,6,2:39
0,150,6,3:14
0,150,6,4:16
0,150,6,5:11
0,150,6,6:15
0,150,6,7:11
0,150,6,8:16
8,150,6,9:12
25,150,6,10:13
46,150,6,11:10
59,150,6,12:23
35,150,6,13:16
36,150,6,14:11
35,150,6,15:12
47,150,6,16:16
54,150,6,17:11
41,150,6,18:15
46,150,6,19:10
38,150,6,20:12
5,150,6,21:11
1,150,6,22:11
0,150,6,23:12
0,150,0,1:14
0,150,0,2:44
0,150,0,3:15
0,150,0,4:16
0,150,0,5:12
0,150,0,6:15
0,150,0,7:11
0,150,0,8:16
16,150,0,10:13
47,150,0,11:10
72,150,0,12:23
49,150,0,13:16
50,150,0,14:11
81,150,0,15:12
76,150,0,16:16
51,150,0,17:11
49,150,0,18:15
55,150,0,19:10
28,150,0,20:13
19,150,0,21:10
9,150,0,22:12
0,150,0,23:13
0,150,1,1:4
0,150,1,2:36
0,150,1,3:15
0,150,1,4:16
0,150,1,5:13
0,150,1,6:17
5,150,1,7:12
9,150,1,8:17
5,150,1,9:14
7,150,1,10:15
12,150,1,11:11
11,150,1,12:26
13,150,1,13:23
10,150,1,14:12
10,150,1,15:14
15,150,1,16:18
22,150,1,17:12
54,150,1,18:16
92,150,1,19:10
84,150,1,20:14
55,150,1,21:11
22,150,1,22:12
1,150,1,23:14
0,150,2,1:12
0,150,2,2:43
0,150,2,3:15
0,150,2,4:16
0,150,2,5:12
0,150,2,6:17
6,150,2,7:12
16,150,2,8:17
12,150,2,9:13
8,150,2,10:14
11,150,2,11:11
8,150,2,12:25
12,150,2,13:24
18,150,2,14:12
20,150,2,15:14
20,150,2,16:18
28,150,2,17:12
44,150,2,18:16
65,150,2,19:10
76,150,2,20:14
57,150,2,21:12
29,150,2,22:12
3,150,2,23:14
0,150,3,1:17
0,150,3,2:53
0,150,3,3:23
0,150,3,4:16
0,150,3,5:12
1,150,3,6:17
5,150,3,7:12
8,150,3,8:17
8,150,3,9:13
12,150,3,10:15
14,150,3,11:11
21,150,3,12:27
17,150,3,13:21
26,150,3,14:12
60,150,3,15:14
59,150,3,16:18
36,150,3,17:12
43,150,3,18:17
70,150,3,19:11
76,150,3,20:15
58,150,3,21:12
22,150,3,22:13
2,150,3,23:13
0,150,4,1:9
0,150,4,2:42
0,150,4,3:15
0,150,4,4:16
0,150,4,5:12
0,150,4,6:17
4,150,4,7:12
9,150,4,8:17
5,150,4,9:14
6,150,4,10:14
11,150,4,11:11
10,150,4,12:27
11,150,4,13:22
11,150,4,14:12
9,150,4,15:14
12,150,4,16:19
24,150,4,17:12
46,150,4,18:16
87,150,4,19:9
80,150,4,20:14
38,150,4,21:11
21,150,4,22:12
7,150,4,23:14
0,150,5,1:12
0,150,5,2:46
0,150,5,3:17
0,150,5,4:16
0,150,5,5:12
0,150,5,6:17
3,150,5,7:12
10,150,5,8:17
10,150,5,9:13
9,150,5,10:14
23,150,5,11:11
23,150,5,12:26
17,150,5,13:20
34,150,5,14:12
41,150,5,15:14
44,150,5,16:18
48,150,5,17:12
35,150,5,18:16
48,150,5,19:10
51,150,5,20:14
45,150,5,21:11
26,150,5,22:12
4,150,5,23:13
0,150,6,1:6
0,150,6,2:35
0,150,6,3:14
0,150,6,4:15
0,150,6,5:11
0,150,6,6:16
0,150,6,7:11
0,150,6,8:16
2,150,6,9:12
12,150,6,10:13
40,150,6,11:10
51,150,6,12:23
28,150,6,13:16
26,150,6,14:11
30,150,6,15:12
35,150,6,16:17
33,150,6,17:11
44,150,6,18:15
41,150,6,19:10
48,150,6,20:13
37,150,6,21:11
3,150,6,22:12
0,150,6,23:12
0,150,0,1:14
0,150,0,2:47
0,150,0,3:17
0,150,0,4:15
0,150,0,5:11
0,150,0,6:16
0,150,0,7:11
0,150,0,8:16
1,150,0,9:12
9,150,0,10:12
38,150,0,11:10
56,150,0,12:23
44,150,0,13:16
56,150,0,14:11
56,150,0,15:12
45,150,0,16:16
60,150,0,17:11
76,150,0,18:15
63,150,0,19:10
36,150,0,20:13
16,150,0,21:11
2,150,0,22:12
0,150,0,23:13
0,150,1,1:7
0,150,1,2:37
0,150,1,3:14
0,150,1,4:16
0,150,1,5:12
0,150,1,6:17
1,150,1,7:12
4,150,1,8:17
9,150,1,9:14
15,150,1,10:15
18,150,1,11:11
10,150,1,12:26
12,150,1,13:27
15,150,1,14:12
9,150,1,15:13
12,150,1,16:18
25,150,1,17:11
40,150,1,18:16
69,150,1,19:10
83,150,1,20:14
62,150,1,21:12
30,150,1,22:12
2,150,1,23:13
0,150,2,1:8
0,150,2,2:37
0,150,2,3:14
0,150,2,4:16
0,150,2,5:12
1,150,2,6:17
7,150,2,7:12
10,150,2,8:17
12,150,2,9:13
12,150,2,10:14
12,150,2,11:11
13,150,2,12:27
10,150,2,13:20
10,150,2,14:12
7,150,2,15:14
18,150,2,16:18
35,150,2,17:13
62,150,2,18:16
101,150,2,19:11
84,150,2,20:14
44,150,2,21:12
26,150,2,22:13
2,150,2,23:13
0,150,3,1:9
0,150,3,2:45
0,150,3,3:17
0,150,3,4:17
0,150,3,5:13
2,150,3,6:17
10,150,3,7:12
12,150,3,8:18
8,150,3,9:14
9,150,3,10:16
9,150,3,11:11
18,150,3,12:26
24,150,3,13:21
28,150,3,14:12
54,150,3,15:15
50,150,3,16:19
38,150,3,17:12
63,150,3,18:17
90,150,3,19:11
82,150,3,20:14
51,150,3,21:12
23,150,3,22:13
0,150,3,23:13
0,150,4,1:8
0,150,4,2:45
0,150,4,3:17
0,150,4,4:16
0,150,4,5:12
2,150,4,6:18
6,150,4,7:12
7,150,4,8:17
7,150,4,9:13
6,150,4,10:13
11,150,4,11:12
12,150,4,12:28
8,150,4,13:27
11,150,4,14:13
16,150,4,15:14
26,150,4,16:19
29,150,4,17:12
46,150,4,18:17
76,150,4,19:11
76,150,4,20:14
46,150,4,21:12
26,150,4,22:13
7,150,4,23:15
0,150,5,1:13
0,150,5,2:50
0,150,5,3:21
0,150,5,4:17
0,150,5,5:13
1,150,5,6:18
5,150,5,7:13
17,150,5,8:17
24,150,5,9:14
17,150,5,10:15
17,150,5,11:12
27,150,5,12:26
27,150,5,13:21
22,150,5,14:12
36,150,5,15:14
46,150,5,16:19
45,150,5,17:13
40,150,5,18:17
41,150,5,19:11
54,150,5,20:14
53,150,5,21:12
25,150,5,22:13
5,150,5,23:13
0,150,6,1:4
0,150,6,2:39
0,150,6,3:14
0,150,6,4:16
0,150,6,5:12
0,150,6,6:16
0,150,6,7:11
0,150,6,8:16
2,150,6,9:12
15,150,6,10:13
28,150,6,11:10
39,150,6,12:24
45,150,6,13:17
38,150,6,14:11
32,150,6,15:12
36,150,6,16:17
43,150,6,17:11
43,150,6,18:15
34,150,6,19:10
16,150,6,20:13
8,150,6,21:11
0,150,6,22:12
0,150,6,23:12
0,150,0,1:14
0,150,0,2:45
0,150,0,3:16
0,150,0,4:16
0,150,0,5:12
0,150,0,6:16
0,150,0,7:11
0,150,0,8:16
2,150,0,9:12
25,150,0,10:13
40,150,0,11:11
35,150,0,12:24
30,150,0,13:18
35,150,0,14:11
31,150,0,15:12
25,150,0,16:17
37,150,0,17:11
59,150,0,18:16
63,150,0,19:10
30,150,0,20:14
7,150,0,21:11
0,150,0,22:12
0,150,0,23:12
0,150,1,1:12
0,150,1,2:45
0,150,1,3:19
0,150,1,4:17
0,150,1,5:13
0,150,1,6:18
3,150,1,7:13
7,150,1,8:18
