90,150,3,18:23
134,150,3,19:12
93,150,3,20:14
44,150,3,21:12
20,150,3,22:13
4,150,3,23:14
0,150,4,1:18
0,150,4,2:51
0,150,4,3:24
0,150,4,4:18
0,150,4,5:13
4,150,4,6:18
21,150,4,7:13
21,150,4,8:18
14,150,4,9:14
15,150,4,10:15
10,150,4,11:12
17,150,4,12:29
18,150,4,13:26
20,150,4,14:13
22,150,4,15:15
26,150,4,16:19
35,150,4,17:13
64,150,4,18:18
84,150,4,19:11
76,150,4,20:14
55,150,4,21:12
38,150,4,22:13
13,150,4,23:15
0,150,5,1:13
0,150,5,2:59
0,150,5,3:38
0,150,5,4:17
0,150,5,5:13
1,150,5,6:18
1,150,5,7:13
15,150,5,8:18
24,150,5,9:14
19,150,5,10:15
23,150,5,11:12
26,150,5,12:29
33,150,5,13:23
39,150,5,14:13
38,150,5,15:14
44,150,5,16:19
72,150,5,17:12
93,150,5,18:18
88,150,5,19:11
44,150,5,20:15
12,150,5,21:12
13,150,5,22:13
5,150,5,23:14
0,150,6,1:9
0,150,6,2:48
0,150,6,3:21
0,150,6,4:17
0,150,6,5:12
1,150,6,6:17
7,150,6,7:12
14,150,6,8:17
27,150,6,9:13
56,150,6,10:14
84,150,6,11:11
84,150,6,12:25
70,150,6,13:20
66,150,6,14:12
81,150,6,15:13
75,150,6,16:18
68,150,6,17:12
58,150,6,18:16
48,150,6,19:11
38,150,6,20:14
26,150,6,21:12
12,150,6,22:13
3,150,6,23:13
0,150,0,1:18
0,150,0,3:3
0,150,0,4:17
0,150,0,5:12
4,150,0,6:17
10,150,0,7:12
17,150,0,8:17
47,150,0,9:13
56,150,0,10:14
55,150,0,11:11
81,150,0,12:25
74,150,0,13:20
66,150,0,14:12
72,150,0,15:13
71,150,0,16:18
87,150,0,17:12
89,150,0,18:16
56,150,0,19:11
34,150,0,20:14
27,150,0,21:12
16,150,0,22:13
6,150,0,23:15
0,150,1,1:12
0,150,1,2:54
0,150,1,3:27
0,150,1,4:18
0,150,1,5:13
6,150,1,6:19
23,150,1,7:13
23,150,1,8:19
8,150,1,9:14
3,150,1,10:16
2,150,1,11:12
22,150,1,13:25
19,150,1,14:13
21,150,1,15:13
26,150,1,16:17
35,150,1,17:13
71,150,1,18:18
119,150,1,19:11
114,150,1,20:15
48,150,1,21:13
24,150,1,22:14
12,150,1,23:15
0,150,2,1:13
0,150,2,2:51
0,150,2,3:24
0,150,2,4:18
0,150,2,5:13
12,150,2,6:18
33,150,2,7:13
36,150,2,8:19
19,150,2,9:14
8,150,2,10:15
10,150,2,11:12
15,150,2,12:29
26,150,2,13:25
22,150,2,14:13
18,150,2,15:15
26,150,2,16:20
43,150,2,17:11
99,150,2,18:17
112,150,2,19:12
64,150,2,20:15
32,150,2,21:13
23,150,2,22:13
9,150,2,23:15
0,150,3,1:14
0,150,3,2:48
0,150,3,3:22
0,150,3,4:18
0,150,3,5:13
7,150,3,6:18
27,150,3,7:13
33,150,3,8:19
26,150,3,9:14
18,150,3,10:15
16,150,3,11:12
26,150,3,12:29
36,150,3,13:28
35,150,3,14:13
23,150,3,15:15
29,150,3,16:20
46,150,3,17:13
87,150,3,18:18
132,150,3,19:12
113,150,3,20:15
53,150,3,21:13
22,150,3,22:14
7,150,3,23:15
0,150,4,1:22
0,150,4,3:7
0,150,4,4:18
0,150,4,5:14
9,150,4,6:19
28,150,4,7:13
30,150,4,8:19
16,150,4,9:14
10,150,4,10:16
22,150,4,11:12
26,150,4,12:29
15,150,4,13:32
25,150,4,14:13
29,150,4,15:15
25,150,4,16:20
38,150,4,17:13
84,150,4,18:18
117,150,4,19:12
90,150,4,20:13
50,150,4,21:11
24,150,4,22:13
10,150,4,23:14
0,150,5,1:8
0,150,5,2:45
0,150,5,3:18
0,150,5,4:16
0,150,5,5:12
6,150,5,6:17
17,150,5,7:12
25,150,5,8:17
19,150,5,9:13
16,150,5,10:15
20,150,5,11:9
18,150,5,12:26
22,150,5,13:20
22,150,5,14:12
30,150,5,15:12
36,150,5,16:18
35,150,5,17:12
68,150,5,18:16
82,150,5,19:10
69,150,5,20:14
38,150,5,21:12
13,150,5,22:13
7,150,5,23:13
0,150,6,1:5
0,150,6,2:34
0,150,6,3:14
0,150,6,4:16
0,150,6,5:12
1,150,6,6:16
4,150,6,7:11
20,150,6,8:16
38,150,6,9:12
46,150,6,10:13
57,150,6,11:10
64,150,6,12:24
56,150,6,13:17
47,150,6,14:11
73,150,6,15:12
86,150,6,16:17
72,150,6,17:11
59,150,6,18:16
54,150,6,19:10
45,150,6,20:13
33,150,6,21:12
22,150,6,22:12
7,150,6,23:13
0,150,0,1:9
0,150,0,2:41
0,150,0,3:15
0,150,0,4:16
0,150,0,5:12
4,150,0,6:16
5,150,0,7:11
8,150,0,8:16
62,150,0,9:12
73,150,0,10:13
54,150,0,11:10
63,150,0,12:25
60,150,0,13:18
74,150,0,14:11
77,150,0,15:12
69,150,0,16:17
67,150,0,17:12
59,150,0,18:15
45,150,0,19:10
30,150,0,20:13
19,150,0,21:11
16,150,0,22:12
7,150,0,23:13
0,150,1,1:7
0,150,1,2:39
0,150,1,3:14
0,150,1,4:17
0,150,1,5:13
5,150,1,6:17
20,150,1,7:13
31,150,1,8:18
19,150,1,9:14
9,150,1,10:15
13,150,1,11:11
25,150,1,12:27
26,150,1,13:21
19,150,1,14:12
15,150,1,15:14
16,150,1,16:19
73,150,1,18:18
119,150,1,19:11
108,150,1,20:14
54,150,1,21:12
34,150,1,22:13
15,150,1,23:14
0,150,2,1:8
0,150,2,2:40
0,150,2,3:15
0,150,2,4:16
0,150,2,5:12
9,150,2,6:17
32,150,2,7:12
36,150,2,8:18
20,150,2,9:13
18,150,2,10:14
14,150,2,11:11
16,150,2,12:28
27,150,2,13:23
23,150,2,14:12
17,150,2,15:14
16,150,2,16:19
26,150,2,17:12
62,150,2,18:17
128,150,2,19:11
131,150,2,20:13
59,150,2,21:12
22,150,2,22:13
6,150,2,23:14
0,150,3,1:10
0,150,3,2:47
0,150,3,3:19
0,150,3,4:16
0,150,3,5:12
3,150,3,6:17
26,150,3,7:12
40,150,3,8:17
25,150,3,9:13
13,150,3,10:14
13,150,3,11:11
24,150,3,12:26
21,150,3,13:21
22,150,3,14:12
24,150,3,15:14
20,150,3,16:19
36,150,3,17:12
92,150,3,18:17
148,150,3,19:11
105,150,3,20:14
40,150,3,21:12
25,150,3,22:13
9,150,3,23:13
0,150,4,1:8
0,150,4,2:42
0,150,4,3:16
0,150,4,4:17
0,150,4,5:13
5,150,4,6:18
14,150,4,7:12
16,150,4,8:18
15,150,4,9:13
13,150,4,10:16
19,150,4,11:11
26,150,4,12:27
21,150,4,13:21
12,150,4,14:12
9,150,4,15:13
17,150,4,16:19
25,150,4,17:12
50,150,4,18:16
80,150,4,19:11
77,150,4,20:13
45,150,4,21:12
22,150,4,22:13
9,150,4,23:15
0,150,5,1:9
0,150,5,2:43
0,150,5,3:16
0,150,5,4:17
0,150,5,5:12
0,150,5,6:17
6,150,5,7:12
17,150,5,8:17
15,150,5,9:13
9,150,5,10:14
20,150,5,11:11
20,150,5,12:25
23,150,5,13:20
24,150,5,14:12
24,150,5,15:13
34,150,5,16:19
41,150,5,17:12
59,150,5,18:16
53,150,5,19:11
41,150,5,20:14
31,150,5,21:12
13,150,5,22:13
5,150,5,23:14
0,150,6,1:5
0,150,6,2:37
0,150,6,3:14
0,150,6,4:16
0,150,6,5:12
4,150,6,6:17
6,150,6,7:11
12,150,6,8:17
40,150,6,9:12
64,150,6,10:13
59,150,6,11:11
64,150,6,12:24
70,150,6,13:18
62,150,6,14:11
54,150,6,15:13
44,150,6,16:18
39,150,6,17:11
37,150,6,18:16
23,150,6,19:10
12,150,6,20:13
14,150,6,21:11
8,150,6,22:12
1,150,6,23:13
0,150,0,1:15
0,150,0,2:47
0,150,0,3:19
0,150,0,4:17
0,150,0,5:12
2,150,0,6:16
5,150,0,7:11
10,150,0,8:16
44,150,0,9:12
49,150,0,10:13
50,150,0,11:10
67,150,0,12:25
51,150,0,13:18
68,150,0,14:11
85,150,0,15:12
61,150,0,16:17
47,150,0,17:11
55,150,0,18:16
51,150,0,19:10
40,150,0,20:13
30,150,0,21:11
14,150,0,22:12
5,150,0,23:13
0,150,1,1:10
0,150,1,2:46
0,150,1,3:19
0,150,1,4:17
0,150,1,5:12
1,150,1,6:18
7,150,1,7:13
11,150,1,8:18
9,150,1,9:14
10,150,1,10:15
14,150,1,11:11
19,150,1,12:27
18,150,1,13:22
18,150,1,14:13
13,150,1,15:14
25,150,1,16:20
34,150,1,17:12
63,150,1,18:17
102,150,1,19:14
78,150,1,20:13
48,150,1,21:12
34,150,1,22:13
9,150,1,23:14
0,150,2,1:13
0,150,2,2:49
0,150,2,3:21
0,150,2,4:17
0,150,2,5:12
3,150,2,6:18
9,150,2,7:12
11,150,2,8:18
10,150,2,9:14
10,150,2,10:15
7,150,2,11:11
10,150,2,12:27
29,150,2,13:21
32,150,2,14:13
28,150,2,15:17
26,150,2,16:19
30,150,2,17:12
55,150,2,18:17
85,150,2,19:11
66,150,2,20:14
30,150,2,21:12
20,150,2,22:13
8,150,2,23:14
0,150,3,1:9
0,150,3,2:46
0,150,3,3:18
0,150,3,4:17
0,150,3,5:12
2,150,3,6:17
10,150,3,7:13
19,150,3,8:18
17,150,3,9:13
9,150,3,10:14
7,150,3,11:11
10,150,3,12:27
16,150,3,13:21
23,150,3,14:12
33,150,3,15:14
39,150,3,16:19
38,150,3,17:12
64,150,3,18:17
98,150,3,19:11
72,150,3,20:14
32,150,3,21:12
23,150,3,22:12
9,150,3,23:14
0,150,4,1:10
0,150,4,2:45
0,150,4,3:18
0,150,4,4:17
0,150,4,5:12
5,150,4,6:17
17,150,4,7:12
17,150,4,8:18
8,150,4,9:13
15,150,4,10:15
15,150,4,11:11
14,150,4,12:27
18,150,4,13:22
16,150,4,14:13
19,150,4,15:14
42,150,4,16:19
56,150,4,17:12
65,150,4,18:15
99,150,4,19:10
88,150,4,20:13
50,150,4,21:11
31,150,4,22:12
8,150,4,23:14
0,150,5,1:5
0,150,5,2:31
0,150,5,3:14
0,150,5,4:16
0,150,5,5:12
5,150,5,6:16
14,150,5,7:11
17,150,5,8:16
11,150,5,9:12
13,150,5,10:14
22,150,5,11:10
27,150,5,12:23
22,150,5,13:17
30,150,5,14:11
29,150,5,15:15
22,150,5,16:17
27,150,5,17:12
28,150,5,18:15
41,150,5,19:10
44,150,5,20:13
24,150,5,21:11
10,150,5,22:12
3,150,5,23:13
0,150,6,1:3
0,150,6,2:29
0,150,6,3:13
0,150,6,4:15
0,150,6,5:11
1,150,6,6:15
8,150,6,7:11
12,150,6,8:15
18,150,6,9:11
26,150,6,10:12
49,150,6,11:9
55,150,6,12:22
34,150,6,13:15
30,150,6,14:10
47,150,6,15:11
49,150,6,16:16
41,150,6,17:10
33,150,6,18:14
31,150,6,19:9
26,150,6,20:12
19,150,6,21:10
9,150,6,22:11
3,150,6,23:12
0,150,0,1:6
0,150,0,2:32
0,150,0,3:14
0,150,0,4:15
0,150,0,5:11
3,150,0,6:15
3,150,0,7:11
6,150,0,8:15
40,150,0,9:11
45,150,0,10:12
34,150,0,11:10
53,150,0,12:23
63,150,0,13:15
47,150,0,14:10
36,150,0,15:12
27,150,0,16:17
23,150,0,17:10
27,150,0,18:14
43,150,0,19:9
45,150,0,20:12
28,150,0,21:10
9,150,0,22:11
1,150,0,23:12
0,150,1,1:3
0,150,1,2:31
0,150,1,3:14
0,150,1,4:16
0,150,1,5:12
3,150,1,6:17
13,150,1,7:12
19,150,1,8:17
11,150,1,9:14
14,150,1,10:16
29,150,1,11:11
32,150,1,12:25
30,150,1,13:19
32,150,1,14:12
28,150,1,15:16
31,150,1,16:20
37,150,1,17:11
60,150,1,18:16
94,150,1,19:10
71,150,1,20:15
28,150,1,21:12
19,150,1,22:12
9,150,1,23:13
0,150,2,1:7
0,150,2,2:35
0,150,2,3:14
0,150,2,4:16
0,150,2,5:12
5,150,2,6:18
11,150,2,7:12
16,150,2,8:17
17,150,2,9:13
13,150,2,10:15
9,150,2,11:11
17,150,2,12:25
34,150,2,13:18
33,150,2,14:13
22,150,2,15:15
29,150,2,16:19
34,150,2,17:12
49,150,2,18:16
70,150,2,19:10
62,150,2,20:14
34,150,2,21:11
15,150,2,22:12
3,150,2,23:13
0,150,3,1:2
0,150,3,2:32
0,150,3,3:14
0,150,3,4:16
0,150,3,5:12
5,150,3,6:16
13,150,3,7:12
19,150,3,8:17
16,150,3,9:13
10,150,3,10:14
13,150,3,11:11
26,150,3,12:25
30,150,3,13:19
34,150,3,14:12
40,150,3,15:14
38,150,3,16:19
37,150,3,17:12
53,150,3,18:16
69,150,3,19:10
57,150,3,20:13
27,150,3,21:11
9,150,3,22:12
1,150,3,23:13
0,150,4,1:6
0,150,4,2:34
0,150,4,3:14
0,150,4,4:16
0,150,4,5:12
4,150,4,6:17
10,150,4,7:12
12,150,4,8:16
9,150,4,9:12
9,150,4,10:14
30,150,4,11:11
46,150,4,12:25
32,150,4,13:19
14,150,4,14:12
14,150,4,15:14
30,150,4,16:18
32,150,4,17:12
36,150,4,18:16
56,150,4,19:10
51,150,4,20:13
26,150,4,21:11
8,150,4,22:12
1,150,4,23:15
0,150,5,1:4
0,150,5,2:35
0,150,5,3:14
0,150,5,4:15
0,150,5,5:12
0,150,5,6:17
2,150,5,7:12
7,150,5,8:16
6,150,5,9:12
6,150,5,10:14
20,150,5,11:11
36,150,5,12:24
28,150,5,13:18
41,150,5,14:11
42,150,5,15:13
37,150,5,16:17
36,150,5,17:12
26,150,5,18:16
24,150,5,19:10
34,150,5,20:13
28,150,5,21:11
8,150,5,22:12
1,150,5,23:13
0,150,6,1:0
0,150,6,2:8
0,150,6,3:13
0,150,6,4:15
0,150,6,5:11
0,150,6,6:15
0,150,6,7:11
0,150,6,8:16
1,150,6,9:11
11,150,6,10:12
32,150,6,11:10
27,150,6,12:22
18,150,6,13:15
21,150,6,14:10
14,150,6,15:12
16,150,6,16:17
14,150,6,17:11
3,150,6,18:14
0,150,6,19:9
0,150,6,20:12
0,150,6,21:10
0,150,6,22:11
0,150,6,23:12
0,150,0,1:8
0,150,0,2:36
0,150,0,3:13
0,150,0,4:15
0,150,0,5:11
0,150,0,6:15
0,150,0,7:11
0,150,0,8:16
2,150,0,9:12
7,150,0,10:13
30,150,0,11:10
24,150,0,12:23
17,150,0,13:15
27,150,0,14:11
37,150,0,15:12
28,150,0,16:17
10,150,0,17:11
0,150,0,18:14
0,150,0,19:10
0,150,0,20:13
0,150,0,21:11
0,150,0,22:12
0,150,0,23:13
0,150,1,1:6
0,150,1,2:35
0,150,1,3:14
0,150,1,4:16
0,150,1,5:12
0,150,1,6:17
0,150,1,7:12
0,150,1,8:17
0,150,1,9:12
8,150,1,10:13
22,150,1,11:10
22,150,1,12:24
24,150,1,13:17
28,150,1,14:11
34,150,1,15:13
16,150,1,16:17
5,150,1,17:11
0,150,1,18:15
0,150,1,19:10
0,150,1,20:13
0,150,1,21:11
0,150,1,22:12
0,150,1,23:13
0,150,2,1:5
0,150,2,2:32
0,150,2,3:14
0,150,2,4:16
0,150,2,5:12
0,150,2,6:17
0,150,2,7:12
0,150,2,8:16
2,150,2,9:12
9,150,2,10:13
24,150,2,11:10
37,150,2,12:24
36,150,2,13:17
32,150,2,14:11
35,150,2,15:13
35,150,2,16:18
24,150,2,17:11
36,150,2,18:15
37,150,2,19:10
16,150,2,20:13
15,150,2,21:11
10,150,2,22:12
4,150,2,23:13
0,150,3,1:4
0,150,3,2:33
0,150,3,3:14
0,150,3,4:15
0,150,3,5:12
0,150,3,6:17
0,150,3,7:11
0,150,3,8:16
3,150,3,9:12
17,150,3,10:14
26,150,3,11:11
35,150,3,12:24
38,150,3,13:17
30,150,3,14:11
43,150,3,15:13
43,150,3,16:17
42,150,3,17:11
34,150,3,18:16
29,150,3,19:10
31,150,3,20:13
20,150,3,21:11
8,150,3,22:12
5,150,3,23:13
0,150,4,1:7
0,150,4,2:35
0,150,4,3:14
0,150,4,4:16
0,150,4,5:12
0,150,4,6:16
0,150,4,7:11
0,150,4,8:16
4,150,4,9:12
16,150,4,10:13
41,150,4,11:11
53,150,4,12:24
37,150,4,13:17
48,150,4,14:11
80,150,4,15:13
64,150,4,16:17
52,150,4,17:11
56,150,4,18:16
40,150,4,19:10
32,150,4,20:13
31,150,4,21:11
16,150,4,22:12
3,150,4,23:14
0,150,5,1:6
0,150,5,2:35
0,150,5,3:14
0,150,5,4:15
0,150,5,5:12
0,150,5,6:17
0,150,5,7:11
0,150,5,8:16
1,150,5,9:12
13,150,5,10:13
36,150,5,11:10
58,150,5,12:23
53,150,5,13:17
38,150,5,14:11
44,150,5,15:13
49,150,5,16:16
45,150,5,17:11
48,150,5,18:15
30,150,5,19:10
24,150,5,20:13
23,150,5,21:11
8,150,5,22:12
4,150,5,23:12
0,150,6,1:4
0,150,6,2:31
0,150,6,3:13
0,150,6,4:15
0,150,6,5:11
0,150,6,6:16
0,150,6,7:11
0,150,6,8:16
6,150,6,9:12
32,150,6,10:12
52,150,6,11:10
65,150,6,12:22
62,150,6,13:15
72,150,6,14:12
68,150,6,15:12
57,150,6,16:16
36,150,6,17:10
7,150,6,18:15
0,150,6,19:9
0,150,6,20:12
0,150,6,21:11
0,150,6,22:11
0,150,6,23:12
0,150,0,1:16
0,150,0,2:49
0,150,0,3:18
0,150,0,4:15
0,150,0,5:11
0,150,0,6:15
0,150,0,7:11
0,150,0,8:16
0,150,0,9:12
2,150,0,10:13
15,150,0,11:10
18,150,0,12:24
25,150,0,13:16
39,150,0,14:11
42,150,0,15:12
45,150,0,16:17
36,150,0,17:10
10,150,0,18:15
1,150,0,19:10
0,150,0,20:13
0,150,0,21:11
0,150,0,22:11
0,150,0,23:13
0,150,1,1:6
0,150,1,2:35
0,150,1,3:14
0,150,1,4:16
0,150,1,5:12
5,150,1,6:17
5,150,1,7:12
5,150,1,8:17
13,150,1,9:13
18,150,1,10:14
50,150,1,11:11
60,150,1,12:25
46,150,1,13:19
53,150,1,14:12
82,150,1,15:13
92,150,1,16:17
70,150,1,17:11
61,150,1,18:16
63,150,1,19:10
39,150,1,20:13
20,150,1,21:11
15,150,1,22:12
5,150,1,23:13
0,150,2,1:5
0,150,2,2:33
0,150,2,3:14
0,150,2,4:15
0,150,2,5:12
3,150,2,6:15
14,150,2,7:12
15,150,2,8:17
11,150,2,9:13
12,150,2,10:14
13,150,2,11:10
19,150,2,12:27
25,150,2,13:19
26,150,2,14:12
25,150,2,15:14
38,150,2,16:18
46,150,2,17:11
62,150,2,18:16
62,150,2,19:10
43,150,2,20:14
31,150,2,21:12
14,150,2,22:12
5,150,2,23:13
0,150,3,1:6
0,150,3,2:37
0,150,3,3:14
0,150,3,4:16
0,150,3,5:12
3,150,3,6:16
21,150,3,7:12
31,150,3,8:17
18,150,3,9:13
12,150,3,10:15
9,150,3,11:11
8,150,3,12:26
21,150,3,13:20
26,150,3,14:13
21,150,3,15:16
38,150,3,16:24
47,150,3,17:14
84,150,3,18:17
134,150,3,19:12
102,150,3,20:14
47,150,3,21:12
33,150,3,22:12
10,150,3,23:13
0,150,4,1:9
0,150,4,2:38
0,150,4,3:14
0,150,4,4:16
0,150,4,5:12
4,150,4,6:16
22,150,4,7:12
28,150,4,8:18
19,150,4,9:13
12,150,4,10:14
8,150,4,11:11
13,150,4,12:26
24,150,4,13:22
24,150,4,14:13
19,150,4,15:15
29,150,4,16:20
40,150,4,17:12
78,150,4,18:17
110,150,4,19:11
84,150,4,20:14
51,150,4,21:12
34,150,4,22:13
7,150,4,23:15
0,150,5,1:9
0,150,5,2:42
0,150,5,3:14
0,150,5,4:16
0,150,5,5:12
4,150,5,6:17
10,150,5,7:12
19,150,5,8:17
18,150,5,9:13
13,150,5,10:14
18,150,5,11:11
30,150,5,12:25
28,150,5,13:20
29,150,5,14:12
28,150,5,15:14
32,150,5,16:19
37,150,5,17:12
55,150,5,18:16
83,150,5,19:11
82,150,5,20:14
45,150,5,21:11
20,150,5,22:12
7,150,5,23:13
0,150,6,1:5
0,150,6,2:35
0,150,6,3:14
0,150,6,4:15
0,150,6,5:12
0,150,6,6:15
4,150,6,7:11
12,150,6,8:16
17,150,6,9:12
31,150,6,10:12
57,150,6,11:10
100,150,6,12:23
107,150,6,13:15
91,150,6,14:11
97,150,6,15:12
89,150,6,16:17
71,150,6,17:11
60,150,6,18:15
53,150,6,19:10
53,150,6,20:13
47,150,6,21:10
28,150,6,22:11
6,150,6,23:12
0,150,0,1:11
0,150,0,2:42
0,150,0,3:14
0,150,0,4:16
0,150,0,5:11
2,150,0,6:16
9,150,0,7:11
18,150,0,8:16
58,150,0,9:12
75,150,0,10:13
69,150,0,11:10
82,150,0,12:24
73,150,0,13:16
91,150,0,14:11
103,150,0,15:12
92,150,0,16:17
78,150,0,17:11
70,150,0,18:15
44,150,0,19:10
27,150,0,20:13
32,150,0,21:11
22,150,0,22:12
4,150,0,23:13
0,150,1,1:7
0,150,1,2:37
0,150,1,3:14
0,150,1,4:16
0,150,1,5:12
4,150,1,6:17
22,150,1,7:13
31,150,1,8:18
21,150,1,9:14
8,150,1,10:15
5,150,1,11:11
13,150,1,12:27
17,150,1,13:21
19,150,1,14:15
31,150,1,15:20
36,150,1,16:24
38,150,1,17:14
90,150,1,18:17
136,150,1,19:11
101,150,1,20:15
50,150,1,21:12
31,150,1,22:13
14,150,1,23:13
0,150,2,1:10
0,150,2,2:43
0,150,2,3:15
0,150,2,4:16
0,150,2,5:12
6,150,2,6:18
34,150,2,7:12
45,150,2,8:17
25,150,2,9:13
15,150,2,10:14
10,150,2,11:11
21,150,2,12:27
35,150,2,13:21
28,150,2,14:16
17,150,2,15:19
25,150,2,16:20
44,150,2,17:13
99,150,2,18:16
150,150,2,19:11
132,150,2,20:14
53,150,2,21:12
20,150,2,22:13
14,150,2,23:13
0,150,3,1:8
0,150,3,2:40
0,150,3,3:14
0,150,3,4:16
0,150,3,5:12
4,150,3,6:17
26,150,3,7:12
47,150,3,8:18
30,150,3,9:16
12,150,3,10:17
14,150,3,11:11
20,150,3,12:27
20,150,3,13:23
17,150,3,14:18
14,150,3,15:26
26,150,3,16:25
42,150,3,17:17
128,150,3,18:20
150,150,3,19:11
134,150,3,20:14
69,150,3,21:12
28,150,3,22:14
6,150,3,23:13
0,150,4,1:9
0,150,4,2:39
0,150,4,3:14
0,150,4,4:16
0,150,4,5:12
8,150,4,6:17
27,150,4,7:12
30,150,4,8:18
13,150,4,9:15
11,150,4,10:16
12,150,4,11:16
13,150,4,12:28
19,150,4,13:28
21,150,4,14:17
22,150,4,15:22
40,150,4,16:34
50,150,4,17:25
121,150,4,18:18
150,150,4,19:11
127,150,4,20:15
65,150,4,21:12
32,150,4,22:13
14,150,4,23:14
0,150,5,1:9
0,150,5,2:44
0,150,5,3:15
0,150,5,4:17
0,150,5,5:12
3,150,5,6:17
12,150,5,7:12
25,150,5,8:17
22,150,5,9:15
14,150,5,10:15
13,150,5,11:11
12,150,5,12:26
26,150,5,13:20
27,150,5,14:13
28,150,5,15:14
27,150,5,16:22
28,150,5,17:12
69,150,5,18:16
124,150,5,19:10
115,150,5,20:14
69,150,5,21:11
27,150,5,22:12
8,150,5,23:13
0,150,6,1:4
0,150,6,2:32
0,150,6,3:14
0,150,6,4:15
0,150,6,5:11
3,150,6,6:15
3,150,6,7:11
5,150,6,8:15
25,150,6,9:12
55,150,6,10:13
84,150,6,11:10
122,150,6,12:23
105,150,6,13:16
92,150,6,14:11
103,150,6,15:12
99,150,6,16:16
102,150,6,17:11
88,150,6,18:15
65,150,6,19:10
34,150,6,20:13
32,150,6,21:10
25,150,6,22:12
8,150,6,23:12
0,150,0,1:11
0,150,0,2:41
0,150,0,3:14
0,150,0,4:15
0,150,0,5:12
2,150,0,6:16
5,150,0,7:11
16,150,0,8:16
70,150,0,9:12
85,150,0,10:13
96,150,0,11:10
137,150,0,12:23
124,150,0,13:16
94,150,0,14:11
81,150,0,15:12
77,150,0,16:16
78,150,0,17:11
90,150,0,18:15
71,150,0,19:10
44,150,0,20:13
33,150,0,21:11
18,150,0,22:12
8,150,0,23:13
0,150,1,1:7
0,150,1,2:40
0,150,1,3:14
0,150,1,4:17
0,150,1,5:12
4,150,1,6:17
19,150,1,7:12
31,150,1,8:17
20,150,1,9:14
7,150,1,10:15
8,150,1,11:11
11,150,1,12:27
12,150,1,13:21
22,150,1,14:12
25,150,1,15:14
25,150,1,16:18
42,150,1,17:12
104,150,1,18:16
150,150,1,19:10
135,150,1,20:13
70,150,1,21:11
39,150,1,22:12
11,150,1,23:13
0,150,2,1:7
0,150,2,2:38
0,150,2,3:14
0,150,2,4:16
0,150,2,5:12
5,150,2,6:16
35,150,2,7:12
47,150,2,8:18
25,150,2,9:13
18,150,2,10:14
20,150,2,11:11
17,150,2,12:28
22,150,2,13:20
26,150,2,14:12
17,150,2,15:13
29,150,2,16:18
54,150,2,17:12
143,150,2,18:16
150,150,2,19:10
150,150,2,20:13
81,150,2,21:12
26,150,2,22:13
8,150,2,23:13
0,150,3,1:12
0,150,3,2:42
0,150,3,3:15
0,150,3,4:16
0,150,3,5:12
4,150,3,6:17
17,150,3,7:12
35,150,3,8:17
24,150,3,9:13
10,150,3,10:15
17,150,3,11:11
21,150,3,12:26
33,150,3,13:20
38,150,3,14:12
41,150,3,15:14
40,150,3,16:18
52,150,3,17:12
102,150,3,18:16
150,150,3,19:10
138,150,3,20:13
63,150,3,21:12
24,150,3,22:13
5,150,3,23:13
0,150,4,1:10
0,150,4,2:44
0,150,4,3:16
0,150,4,4:17
0,150,4,5:13
6,150,4,6:17
30,150,4,7:12
35,150,4,8:18
23,150,4,9:13
23,150,4,10:15
19,150,4,11:11
13,150,4,12:27
15,150,4,13:22
16,150,4,14:13
20,150,4,15:15
30,150,4,16:19
47,150,4,17:13
105,150,4,18:18
150,150,4,19:11
132,150,4,20:14
52,150,4,21:12
30,150,4,22:13
8,150,4,23:14
0,150,5,1:9
0,150,5,2:44
0,150,5,3:16
0,150,5,4:16
0,150,5,5:12
4,150,5,6:17
16,150,5,7:12
27,150,5,8:17
17,150,5,9:13
8,150,5,10:15
16,150,5,11:11
23,150,5,12:27
27,150,5,13:20
32,150,5,14:12
28,150,5,15:14
32,150,5,16:19
63,150,5,17:12
95,150,5,18:16
109,150,5,19:10
95,150,5,20:14
58,150,5,21:11
23,150,5,22:12
8,150,5,23:13
0,150,6,1:8
0,150,6,2:36
0,150,6,3:14
0,150,6,4:15
0,150,6,5:11
2,150,6,6:16
6,150,6,7:11
12,150,6,8:16
35,150,6,9:12
52,150,6,10:13
81,150,6,11:10
104,150,6,12:23
77,150,6,13:16
81,150,6,14:11
83,150,6,15:12
74,150,6,16:17
70,150,6,17:11
57,150,6,18:15
53,150,6,19:10
44,150,6,20:13
33,150,6,21:11
21,150,6,22:12
5,150,6,23:12
0,150,0,1:11
0,150,0,2:42
0,150,0,3:14
0,150,0,4:16
0,150,0,5:12
4,150,0,6:17
5,150,0,7:11
18,150,0,8:16
74,150,0,9:12
82,150,0,10:13
63,150,0,11:10
97,150,0,12:23
101,150,0,13:16
92,150,0,14:11
92,150,0,15:12
73,150,0,16:17
73,150,0,17:11
82,150,0,18:15
73,150,0,19:10
54,150,0,20:13
30,150,0,21:11
8,150,0,22:12
2,150,0,23:12
0,150,1,1:6
0,150,1,2:38
0,150,1,3:14
0,150,1,4:16
0,150,1,5:12
4,150,1,6:17
22,150,1,7:12
31,150,1,8:17
15,150,1,9:13
6,150,1,10:14
6,150,1,11:11
12,150,1,12:25
23,150,1,13:21
39,150,1,14:13
33,150,1,15:14
27,150,1,16:18
46,150,1,17:13
91,150,1,18:15
127,150,1,19:11
103,150,1,20:14
66,150,1,21:11
42,150,1,22:12
9,150,1,23:13
0,150,2,1:10
0,150,2,2:36
0,150,2,3:14
0,150,2,4:16
0,150,2,5:11
10,150,2,6:16
30,150,2,7:12
42,150,2,8:17
26,150,2,9:12
12,150,2,10:14
12,150,2,11:11
14,150,2,12:27
23,150,2,13:19
27,150,2,14:12
23,150,2,15:13
30,150,2,16:18
39,150,2,17:12
116,150,2,18:16
150,150,2,19:10
143,150,2,20:13
81,150,2,21:11
48,150,2,22:12
14,150,2,23:13
0,150,3,1:6
0,150,3,2:37
0,150,3,3:14
0,150,3,4:16
0,150,3,5:12
5,150,3,6:17
28,150,3,7:13
44,150,3,8:18
24,150,3,9:13
5,150,3,10:14
7,150,3,11:11
21,150,3,12:28
29,150,3,13:19
35,150,3,14:12
36,150,3,15:14
42,150,3,16:18
40,150,3,17:12
72,150,3,18:15
150,150,3,19:11
150,150,3,20:13
96,150,3,21:10
44,150,3,22:13
18,150,3,23:13
0,150,4,1:8
0,150,4,2:38
0,150,4,3:14
0,150,4,4:16
0,150,4,5:12
5,150,4,6:17
24,150,4,7:13
29,150,4,8:17
16,150,4,9:13
14,150,4,10:14
13,150,4,11:11
17,150,4,12:27
21,150,4,13:28
20,150,4,14:12
16,150,4,15:13
21,150,4,16:17
39,150,4,17:12
108,150,4,18:16
150,150,4,19:10
145,150,4,20:13
75,150,4,21:11
35,150,4,22:12
12,150,4,23:14
0,150,5,1:10
0,150,5,2:41
0,150,5,3:14
0,150,5,4:16
0,150,5,5:12
5,150,5,6:17
13,150,5,7:12
21,150,5,8:17
15,150,5,9:13
8,150,5,10:14
13,150,5,11:11
16,150,5,12:25
27,150,5,13:19
35,150,5,14:12
31,150,5,15:14
37,150,5,16:17
44,150,5,17:12
53,150,5,18:16
83,150,5,19:10
85,150,5,20:13
53,150,5,21:11
36,150,5,22:12
13,150,5,23:12
0,150,6,1:8
0,150,6,2:39
0,150,6,3:14
0,150,6,4:16
0,150,6,5:11
2,150,6,6:15
5,150,6,7:11
14,150,6,8:16
29,150,6,9:12
42,150,6,10:13
69,150,6,11:10
116,150,6,12:23
110,150,6,13:16
98,150,6,14:11
104,150,6,15:12
96,150,6,16:16
86,150,6,17:11
76,150,6,18:15
66,150,6,19:10
56,150,6,20:12
38,150,6,21:11
27,150,6,22:11
10,150,6,23:12
0,150,0,1:14
0,150,0,2:44
0,150,0,3:15
0,150,0,4:16
0,150,0,5:12
2,150,0,6:15
8,150,0,7:11
12,150,0,8:16
60,150,0,10:13
73,150,0,11:10
104,150,0,12:23
101,150,0,13:16
100,150,0,14:11
103,150,0,15:12
96,150,0,16:16
101,150,0,17:11
94,150,0,18:15
91,150,0,19:10
74,150,0,20:13
41,150,0,21:10
17,150,0,22:12
6,150,0,23:13
0,150,1,1:4
0,150,1,2:36
0,150,1,3:15
0,150,1,4:16
0,150,1,5:13
6,150,1,6:17
15,150,1,7:12
26,150,1,8:17
24,150,1,9:14
15,150,1,10:15
13,150,1,11:11
10,150,1,12:26
17,150,1,13:23
16,150,1,14:12
15,150,1,15:14
18,150,1,16:18
35,150,1,17:12
100,150,1,18:16
140,150,1,19:10
125,150,1,20:14
81,150,1,21:11
43,150,1,22:12
11,150,1,23:14
0,150,2,1:12
0,150,2,2:43
0,150,2,3:15
0,150,2,4:16
0,150,2,5:12
9,150,2,6:17
24,150,2,7:12
39,150,2,8:17
29,150,2,9:13
13,150,2,10:14
13,150,2,11:11
17,150,2,12:25
32,150,2,13:24
36,150,2,14:12
34,150,2,15:14
34,150,2,16:18
42,150,2,17:12
106,150,2,18:16
150,150,2,19:10
134,150,2,20:14
61,150,2,21:12
29,150,2,22:12
9,150,2,23:14
0,150,3,1:17
0,150,3,2:53
0,150,3,3:23
0,150,3,4:16
0,150,3,5:12
0,150,3,6:17
12,150,3,7:12
31,150,3,8:17
24,150,3,9:13
16,150,3,10:15
21,150,3,11:11
27,150,3,12:27
42,150,3,13:21
40,150,3,14:12
38,150,3,15:14
37,150,3,16:18
42,150,3,17:12
87,150,3,18:17
140,150,3,19:11
134,150,3,20:15
83,150,3,21:12
43,150,3,22:13
7,150,3,23:13
0,150,4,1:9
0,150,4,2:42
0,150,4,3:15
0,150,4,4:16
0,150,4,5:12
2,150,4,6:17
26,150,4,7:12
47,150,4,8:17
31,150,4,9:14
12,150,4,10:14
8,150,4,11:11
25,150,4,12:27
22,150,4,13:22
17,150,4,14:12
19,150,4,15:14
19,150,4,16:19
39,150,4,17:12
77,150,4,18:16
121,150,4,19:9
125,150,4,20:14
78,150,4,21:11
33,150,4,22:12
8,150,4,23:14
0,150,5,1:12
0,150,5,2:46
0,150,5,3:17
0,150,5,4:16
0,150,5,5:12
1,150,5,6:17
12,150,5,7:12
17,150,5,8:17
9,150,5,9:13
11,150,5,10:14
19,150,5,11:11
27,150,5,12:26
30,150,5,13:20
31,150,5,14:12
34,150,5,15:14
33,150,5,16:18
36,150,5,17:12
72,150,5,18:16
91,150,5,19:10
75,150,5,20:14
41,150,5,21:11
17,150,5,22:12
10,150,5,23:13
0,150,6,1:6
0,150,6,2:35
0,150,6,3:14
0,150,6,4:15
0,150,6,5:11
0,150,6,6:16
0,150,6,7:11
0,150,6,8:16
0,150,6,9:12
0,150,6,10:13
0,150,6,11:10
0,150,6,12:23
0,150,6,13:16
0,150,6,14:11
5,150,6,15:12
29,150,6,16:17
43,150,6,17:11
35,150,6,18:15
38,150,6,19:10
85,150,6,20:13
107,150,6,21:11
82,150,6,22:12
77,150,6,23:12
0,150,0,1:14
0,150,0,2:47
0,150,0,3:17
0,150,0,4:15
0,150,0,5:11
0,150,0,6:16
7,150,0,7:11
16,150,0,8:16
78,150,0,9:12
90,150,0,10:12
66,150,0,11:10
110,150,0,12:23
90,150,0,13:16
69,150,0,14:11
79,150,0,15:12
78,150,0,16:16
66,150,0,17:11
73,150,0,18:15
78,150,0,19:10
58,150,0,20:13
40,150,0,21:11
23,150,0,22:12
3,150,0,23:13
0,150,1,1:7
0,150,1,2:37
0,150,1,3:14
0,150,1,4:16
0,150,1,5:12
4,150,1,6:17
10,150,1,7:12
13,150,1,8:17
10,150,1,9:14
10,150,1,10:15
14,150,1,11:11
15,150,1,12:26
14,150,1,13:27
17,150,1,14:12
19,150,1,15:13
28,150,1,16:18
43,150,1,17:11
95,150,1,18:16
136,150,1,19:10
108,150,1,20:14
61,150,1,21:12
27,150,1,22:12
5,150,1,23:13
0,150,2,1:8
0,150,2,2:37
0,150,2,3:14
0,150,2,4:16
0,150,2,5:12
9,150,2,6:17
33,150,2,7:12
45,150,2,8:17
24,150,2,9:13
10,150,2,10:14
7,150,2,11:11
15,150,2,12:27
22,150,2,13:20
17,150,2,14:12
20,150,2,15:14
32,150,2,16:18
54,150,2,17:13
112,150,2,18:16
150,150,2,19:11
123,150,2,20:14
59,150,2,21:12
44,150,2,22:13
20,150,2,23:13
0,150,3,1:9
0,150,3,2:45
0,150,3,3:17
0,150,3,4:17
0,150,3,5:13
5,150,3,6:17
18,150,3,7:12
31,150,3,8:18
27,150,3,9:14
24,150,3,10:16
21,150,3,11:11
12,150,3,12:26
24,150,3,13:21
31,150,3,14:12
32,150,3,15:15
33,150,3,16:19
44,150,3,17:12
132,150,3,18:17
150,150,3,19:11
145,150,3,20:14
77,150,3,21:12
34,150,3,22:13
11,150,3,23:13
0,150,4,1:8
0,150,4,2:45
0,150,4,3:17
0,150,4,4:16
0,150,4,5:12
9,150,4,6:18
29,150,4,7:12
36,150,4,8:17
21,150,4,9:13
11,150,4,10:13
8,150,4,11:12
12,150,4,12:28
14,150,4,13:27
12,150,4,14:13
22,150,4,15:14
31,150,4,16:19
48,150,4,17:12
92,150,4,18:17
138,150,4,19:11
150,150,4,20:14
90,150,4,21:12
29,150,4,22:13
8,150,4,23:15
0,150,5,1:13
0,150,5,2:50
0,150,5,3:21
0,150,5,4:17
0,150,5,5:13
3,150,5,6:18
13,150,5,7:13
17,150,5,8:17
13,150,5,9:14
15,150,5,10:15
9,150,5,11:12
24,150,5,12:26
41,150,5,13:21
38,150,5,14:12
30,150,5,15:14
30,150,5,16:19
41,150,5,17:13
86,150,5,18:17
111,150,5,19:11
86,150,5,20:14
53,150,5,21:12
30,150,5,22:13
11,150,5,23:13
0,150,6,1:4
0,150,6,2:39
0,150,6,3:14
0,150,6,4:16
0,150,6,5:12
0,150,6,6:16
9,150,6,7:11
21,150,6,8:16
41,150,6,9:12
52,150,6,10:13
56,150,6,11:10
80,150,6,12:24
72,150,6,13:17
53,150,6,14:11
73,150,6,15:12
86,150,6,16:17
65,150,6,17:11
43,150,6,18:15
52,150,6,19:10
49,150,6,20:13
35,150,6,21:11
17,150,6,22:12
5,150,6,23:12
0,150,0,1:14
0,150,0,2:45
0,150,0,3:16
0,150,0,4:16
0,150,0,5:12
0,150,0,6:16
5,150,0,7:11
14,150,0,8:16
54,150,0,9:12
70,150,0,10:13
70,150,0,11:11
71,150,0,12:24
64,150,0,13:18
62,150,0,14:11
73,150,0,15:12
64,150,0,16:17
74,150,0,17:11
103,150,0,18:16
89,150,0,19:10
60,150,0,20:14
31,150,0,21:11
17,150,0,22:12
5,150,0,23:12
0,150,1,1:12
0,150,1,2:45
0,150,1,3:19
0,150,1,4:17
0,150,1,5:13
5,150,1,6:18
13,150,1,7:13
18,150,1,8:18
17,150,1,9:14
10,150,1,10:15
7,150,1,11:11
18,150,1,12:27
22,150,1,13:22
21,150,1,14:13
14,150,1,15:14
25,150,1,16:19
44,150,1,17:13
97,150,1,18:17
150,150,1,19:11
130,150,1,20:15
59,150,1,21:12
25,150,1,22:13
7,150,1,23:14
0,150,2,1:12
0,150,2,2:46
0,150,2,3:17
0,150,2,4:17
0,150,2,5:13
5,150,2,6:18
26,150,2,7:13
36,150,2,8:18
16,150,2,9:14
3,150,2,10:16
11,150,2,11:12
20,150,2,12:29
21,150,2,13:24
26,150,2,14:13
30,150,2,15:14
33,150,2,16:19
43,150,2,17:13
73,150,2,18:17
95,150,2,19:11
67,150,2,20:15
41,150,2,21:12
25,150,2,22:13
3,150,2,23:13
0,150,3,1:12
0,150,3,2:47
0,150,3,3:19
0,150,3,4:17
0,150,3,5:13
6,150,3,6:18
21,150,3,7:12
28,150,3,8:18
24,150,3,9:14
24,150,3,10:15
25,150,3,11:12
28,150,3,12:28
35,150,3,13:23
34,150,3,14:13
34,150,3,15:14
30,150,3,16:20
31,150,3,17:13
97,150,3,18:17
150,150,3,19:11
118,150,3,20:15
61,150,3,21:12
26,150,3,22:13
13,150,3,23:14
0,150,4,1:11
0,150,4,2:45
0,150,4,3:17
0,150,4,4:17
0,150,4,5:13
9,150,4,6:18
29,150,4,7:12
34,150,4,8:18
20,150,4,9:14
11,150,4,10:15
16,150,4,11:11
18,150,4,12:27
17,150,4,13:28
23,150,4,14:13
21,150,4,15:14
18,150,4,16:19
26,150,4,17:12
104,150,4,18:16
150,150,4,19:10
133,150,4,20:14
64,150,4,21:12
44,150,4,22:13
13,150,4,23:14
0,150,5,1:15
0,150,5,2:49
0,150,5,3:19
0,150,5,4:17
0,150,5,5:12
1,150,5,6:18
13,150,5,7:13
26,150,5,8:18
16,150,5,9:14
9,150,5,10:15
24,150,5,11:11
40,150,5,12:26
55,150,5,13:21
49,150,5,14:12
26,150,5,15:14
29,150,5,16:18
44,150,5,17:12
79,150,5,18:17
96,150,5,19:11
107,150,5,20:15
73,150,5,21:12
23,150,5,22:13
6,150,5,23:13
0,150,6,1:9
0,150,6,2:41
0,150,6,3:14
0,150,6,5:12
5,150,6,6:16
8,150,6,7:12
13,150,6,8:16
34,150,6,9:12
44,150,6,10:13
68,150,6,11:11
93,150,6,12:24
72,150,6,13:18
74,150,6,14:11
72,150,6,15:13
67,150,6,16:17
60,150,6,17:11
60,150,6,18:16
63,150,6,19:10
44,150,6,20:13
38,150,6,21:11
22,150,6,22:12
5,150,6,23:13
0,150,0,1:12
0,150,0,2:46
0,150,0,3:18
0,150,0,4:16
0,150,0,5:12
1,150,0,6:16
7,150,0,7:12
14,150,0,8:17
76,150,0,9:12
96,150,0,10:14
63,150,0,11:10
73,150,0,12:25
79,150,0,13:18
87,150,0,14:11
71,150,0,15:13
49,150,0,16:17
58,150,0,17:11
81,150,0,18:16
87,150,0,19:10
65,150,0,20:13
35,150,0,21:11
21,150,0,22:12
6,150,0,23:13
0,150,1,1:12
0,150,1,2:48
0,150,1,3:19
0,150,1,4:17
0,150,1,5:13
8,150,1,6:18
27,150,1,7:13
33,150,1,8:19
18,150,1,9:14
14,150,1,10:16
15,150,1,11:11
23,150,1,12:27
21,150,1,13:22
16,150,1,14:13
14,150,1,15:14
21,150,1,16:19
38,150,1,17:12
90,150,1,18:17
142,150,1,19:11
119,150,1,20:14
63,150,1,21:12
42,150,1,22:12
14,150,1,23:13
0,150,2,1:13
0,150,2,2:48
0,150,2,3:19
0,150,2,4:17
0,150,2,5:13
7,150,2,6:18
30,150,2,7:12
39,150,2,8:18
21,150,2,9:14
9,150,2,10:15
12,150,2,11:11
20,150,2,12:27
18,150,2,13:22
28,150,2,14:12
31,150,2,15:14
39,150,2,16:18
54,150,2,17:12
103,150,2,18:17
145,150,2,19:12
105,150,2,20:15
48,150,2,21:12
28,150,2,22:13
9,150,2,23:14
0,150,3,1:9
0,150,3,2:45
0,150,3,3:17
0,150,3,4:17
0,150,3,5:13
7,150,3,6:18
31,150,3,7:13
48,150,3,8:18
26,150,3,9:14
17,150,3,10:15
20,150,3,11:11
8,150,3,12:28
20,150,3,13:23
22,150,3,14:13
26,150,3,15:14
41,150,3,16:19
42,150,3,17:13
108,150,3,18:17
150,150,3,19:11
124,150,3,20:14
62,150,3,21:12
24,150,3,22:12
5,150,3,23:12
0,150,4,1:8
0,150,4,2:43
0,150,4,3:15
0,150,4,4:17
0,150,4,5:13
8,150,4,6:17
32,150,4,7:12
42,150,4,8:18
24,150,4,9:14
18,150,4,10:15
16,150,4,11:12
21,150,4,12:29
36,150,4,13:28
36,150,4,14:14
44,150,4,15:14
36,150,4,16:20
42,150,4,17:13
91,150,4,18:18
142,150,4,19:11
113,150,4,20:15
52,150,4,21:12
24,150,4,22:13
1,150,4,23:14
0,150,5,1:10
0,150,5,2:45
0,150,5,3:17
0,150,5,4:17
0,150,5,5:13
7,150,5,6:18
11,150,5,7:13
13,150,5,8:18
14,150,5,9:14
18,150,5,10:15
27,150,5,11:12
